"Step","cos_sim 0.85 - test/test_accuracy","cos_sim 0.85 - test/test_accuracy__MIN","cos_sim 0.85 - test/test_accuracy__MAX","cos_sim 0.85 - test/test_loss","cos_sim 0.85 - test/test_loss__MIN","cos_sim 0.85 - test/test_loss__MAX","cos_sim 0.85 - test/test_adj_density","cos_sim 0.85 - test/test_adj_density__MIN","cos_sim 0.85 - test/test_adj_density__MAX","pearson corr 0.7 - test/test_accuracy","pearson corr 0.7 - test/test_accuracy__MIN","pearson corr 0.7 - test/test_accuracy__MAX","pearson corr 0.7 - test/test_loss","pearson corr 0.7 - test/test_loss__MIN","pearson corr 0.7 - test/test_loss__MAX","pearson corr 0.7 - test/test_adj_density","pearson corr 0.7 - test/test_adj_density__MIN","pearson corr 0.7 - test/test_adj_density__MAX","pearson corr 0.3 - test/test_accuracy","pearson corr 0.3 - test/test_accuracy__MIN","pearson corr 0.3 - test/test_accuracy__MAX","pearson corr 0.3 - test/test_loss","pearson corr 0.3 - test/test_loss__MIN","pearson corr 0.3 - test/test_loss__MAX","pearson corr 0.3 - test/test_adj_density","pearson corr 0.3 - test/test_adj_density__MIN","pearson corr 0.3 - test/test_adj_density__MAX","l2 2 - test/test_accuracy","l2 2 - test/test_accuracy__MIN","l2 2 - test/test_accuracy__MAX","l2 2 - test/test_loss","l2 2 - test/test_loss__MIN","l2 2 - test/test_loss__MAX","l2 2 - test/test_adj_density","l2 2 - test/test_adj_density__MIN","l2 2 - test/test_adj_density__MAX","l2 6 - test/test_accuracy","l2 6 - test/test_accuracy__MIN","l2 6 - test/test_accuracy__MAX","l2 6 - test/test_loss","l2 6 - test/test_loss__MIN","l2 6 - test/test_loss__MAX","l2 6 - test/test_adj_density","l2 6 - test/test_adj_density__MIN","l2 6 - test/test_adj_density__MAX","cos_sim 0.7 - test/test_accuracy","cos_sim 0.7 - test/test_accuracy__MIN","cos_sim 0.7 - test/test_accuracy__MAX","cos_sim 0.7 - test/test_loss","cos_sim 0.7 - test/test_loss__MIN","cos_sim 0.7 - test/test_loss__MAX","cos_sim 0.7 - test/test_adj_density","cos_sim 0.7 - test/test_adj_density__MIN","cos_sim 0.7 - test/test_adj_density__MAX","l2 15 - test/test_accuracy","l2 15 - test/test_accuracy__MIN","l2 15 - test/test_accuracy__MAX","l2 15 - test/test_loss","l2 15 - test/test_loss__MIN","l2 15 - test/test_loss__MAX","l2 15 - test/test_adj_density","l2 15 - test/test_adj_density__MIN","l2 15 - test/test_adj_density__MAX","pearson corr 0.1 - test/test_accuracy","pearson corr 0.1 - test/test_accuracy__MIN","pearson corr 0.1 - test/test_accuracy__MAX","pearson corr 0.1 - test/test_loss","pearson corr 0.1 - test/test_loss__MIN","pearson corr 0.1 - test/test_loss__MAX","pearson corr 0.1 - test/test_adj_density","pearson corr 0.1 - test/test_adj_density__MIN","pearson corr 0.1 - test/test_adj_density__MAX","cos_sim 0.6 - test/test_accuracy","cos_sim 0.6 - test/test_accuracy__MIN","cos_sim 0.6 - test/test_accuracy__MAX","cos_sim 0.6 - test/test_loss","cos_sim 0.6 - test/test_loss__MIN","cos_sim 0.6 - test/test_loss__MAX","cos_sim 0.6 - test/test_adj_density","cos_sim 0.6 - test/test_adj_density__MIN","cos_sim 0.6 - test/test_adj_density__MAX"
"0","0.6767777777777778","0.6767777777777778","0.6767777777777778","0.9484596840033295","0.9484596840033295","0.9484596840033295","0.03875775709219858","0.03875775709219858","0.03875775709219858","0.6796666666666666","0.6796666666666666","0.6796666666666666","0.9272509838672395","0.9272509838672395","0.9272509838672395","0.03647911125886525","0.03647911125886525","0.03647911125886525","0.6621111111111111","0.6621111111111111","0.6621111111111111","0.9708137676014122","0.9708137676014122","0.9708137676014122","0.21439356161347517","0.21439356161347517","0.21439356161347517","0.662","0.662","0.662","0.9821832183193653","0.9821832183193653","0.9821832183193653","0.06316489361702128","0.06316489361702128","0.06316489361702128","0.6302222222222222","0.6302222222222222","0.6302222222222222","1.1189384474187878","1.1189384474187878","1.1189384474187878","0.18949468085106383","0.18949468085106383","0.18949468085106383","0.6154444444444445","0.6154444444444445","0.6154444444444445","1.2521002503997045","1.2521002503997045","1.2521002503997045","0.2679036458333333","0.2679036458333333","0.2679036458333333","0.43944444444444447","0.43944444444444447","0.43944444444444447","1.99572110894724","1.99572110894724","1.99572110894724","0.4706338652482269","0.4706338652482269","0.4706338652482269","0.5883333333333334","0.5883333333333334","0.5883333333333334","1.234985462739958","1.234985462739958","1.234985462739958","0.576899102393617","0.576899102393617","0.576899102393617","0.16177777777777777","0.16177777777777777","0.16177777777777777","22.050455127202028","22.050455127202028","22.050455127202028","0.6637162012411347","0.6637162012411347","0.6637162012411347"
"3","0.7048888888888889","0.7048888888888889","0.7048888888888889","0.8692837823578652","0.8692837823578652","0.8692837823578652","0.040980995124113476","0.040980995124113476","0.040980995124113476","0.7036666666666667","0.7036666666666667","0.7036666666666667","0.8720897345255453","0.8720897345255453","0.8720897345255453","0.03617436835106383","0.03617436835106383","0.03617436835106383","0.6912222222222222","0.6912222222222222","0.6912222222222222","0.8911606473914275","0.8911606473914275","0.8911606473914275","0.21266899379432624","0.21266899379432624","0.21266899379432624","0.6914444444444444","0.6914444444444444","0.6914444444444444","0.8944776619368411","0.8944776619368411","0.8944776619368411","0.06316489361702128","0.06316489361702128","0.06316489361702128","0.6913333333333334","0.6913333333333334","0.6913333333333334","0.9325820362948357","0.9325820362948357","0.9325820362948357","0.18949468085106383","0.18949468085106383","0.18949468085106383","0.6658888888888889","0.6658888888888889","0.6658888888888889","1.0210624793742566","1.0210624793742566","1.0210624793742566","0.2388422539893617","0.2388422539893617","0.2388422539893617","0.5984444444444444","0.5984444444444444","0.5984444444444444","1.283022036789157","1.283022036789157","1.283022036789157","0.4706338652482269","0.4706338652482269","0.4706338652482269","0.6574444444444445","0.6574444444444445","0.6574444444444445","1.0331062239112583","1.0331062239112583","1.0331062239112583","0.5660530252659575","0.5660530252659575","0.5660530252659575","0.1761111111111111","0.1761111111111111","0.1761111111111111","10.50278000966877","10.50278000966877","10.50278000966877","0.6362616356382979","0.6362616356382979","0.6362616356382979"
"6","0.715","0.715","0.715","0.8469087530640845","0.8469087530640845","0.8469087530640845","0.04188829787234043","0.04188829787234043","0.04188829787234043","0.7213333333333334","0.7213333333333334","0.7213333333333334","0.8312323545204833","0.8312323545204833","0.8312323545204833","0.037760416666666664","0.037760416666666664","0.037760416666666664","0.7105555555555556","0.7105555555555556","0.7105555555555556","0.8748822876958983","0.8748822876958983","0.8748822876958983","0.19309618794326242","0.19309618794326242","0.19309618794326242","0.7006666666666667","0.7006666666666667","0.7006666666666667","0.874766893420659","0.874766893420659","0.874766893420659","0.06316489361702128","0.06316489361702128","0.06316489361702128","0.6983333333333334","0.6983333333333334","0.6983333333333334","0.9010671992251214","0.9010671992251214","0.9010671992251214","0.18949468085106383","0.18949468085106383","0.18949468085106383","0.6517777777777778","0.6517777777777778","0.6517777777777778","1.0801747020677472","1.0801747020677472","1.0801747020677472","0.2140195589539007","0.2140195589539007","0.2140195589539007","0.6382222222222222","0.6382222222222222","0.6382222222222222","1.207254431454848","1.207254431454848","1.207254431454848","0.4706338652482269","0.4706338652482269","0.4706338652482269","0.6906666666666667","0.6906666666666667","0.6906666666666667","0.9470699585921375","0.9470699585921375","0.9470699585921375","0.49297013519503546","0.49297013519503546","0.49297013519503546","0.21066666666666667","0.21066666666666667","0.21066666666666667","7.192704485663286","7.192704485663286","7.192704485663286","0.5914990580673759","0.5914990580673759","0.5914990580673759"
"9","0.7241111111111111","0.7241111111111111","0.7241111111111111","0.8176725117872793","0.8176725117872793","0.8176725117872793","0.042290004432624116","0.042290004432624116","0.042290004432624116","0.7288888888888889","0.7288888888888889","0.7288888888888889","0.8117854791752835","0.8117854791752835","0.8117854791752835","0.0378158244680851","0.0378158244680851","0.0378158244680851","0.719","0.719","0.719","0.8473540223236625","0.8473540223236625","0.8473540223236625","0.20323581560283688","0.20323581560283688","0.20323581560283688","0.7105555555555556","0.7105555555555556","0.7105555555555556","0.8489829409629741","0.8489829409629741","0.8489829409629741","0.06316489361702128","0.06316489361702128","0.06316489361702128","0.7087777777777777","0.7087777777777777","0.7087777777777777","0.8595319969434265","0.8595319969434265","0.8595319969434265","0.18949468085106383","0.18949468085106383","0.18949468085106383","0.6746666666666666","0.6746666666666666","0.6746666666666666","1.0105742328133143","1.0105742328133143","1.0105742328133143","0.2175171764184397","0.2175171764184397","0.2175171764184397","0.6538888888888889","0.6538888888888889","0.6538888888888889","1.115929713697298","1.115929713697298","1.115929713697298","0.4706338652482269","0.4706338652482269","0.4706338652482269","0.6995555555555556","0.6995555555555556","0.6995555555555556","0.8922542319864246","0.8922542319864246","0.8922542319864246","0.5057070035460993","0.5057070035460993","0.5057070035460993","0.3417777777777778","0.3417777777777778","0.3417777777777778","4.163108094786922","4.163108094786922","4.163108094786922","0.5683663009751773","0.5683663009751773","0.5683663009751773"
"12","0.7235555555555555","0.7235555555555555","0.7235555555555555","0.8234974280105415","0.8234974280105415","0.8234974280105415","0.04229693040780142","0.04229693040780142","0.04229693040780142","0.7218888888888889","0.7218888888888889","0.7218888888888889","0.8302111856058134","0.8302111856058134","0.8302111856058134","0.03893090647163121","0.03893090647163121","0.03893090647163121","0.7095555555555556","0.7095555555555556","0.7095555555555556","0.8367865346636333","0.8367865346636333","0.8367865346636333","0.20408078457446807","0.20408078457446807","0.20408078457446807","0.7115555555555556","0.7115555555555556","0.7115555555555556","0.858013611418981","0.858013611418981","0.858013611418981","0.06316489361702128","0.06316489361702128","0.06316489361702128","0.698","0.698","0.698","0.8976511907704333","0.8976511907704333","0.8976511907704333","0.18949468085106383","0.18949468085106383","0.18949468085106383","0.686","0.686","0.686","0.97859876756127","0.97859876756127","0.97859876756127","0.21879155585106383","0.21879155585106383","0.21879155585106383","0.5951111111111111","0.5951111111111111","0.5951111111111111","1.3594164503804336","1.3594164503804336","1.3594164503804336","0.4706338652482269","0.4706338652482269","0.4706338652482269","0.6904444444444444","0.6904444444444444","0.6904444444444444","0.9250584672740165","0.9250584672740165","0.9250584672740165","0.521574412677305","0.521574412677305","0.521574412677305","0.32822222222222225","0.32822222222222225","0.32822222222222225","3.9676545575155435","3.9676545575155435","3.9676545575155435","0.5606646165780141","0.5606646165780141","0.5606646165780141"
"15","0.7266666666666667","0.7266666666666667","0.7266666666666667","0.798366886398471","0.798366886398471","0.798366886398471","0.042428523936170214","0.042428523936170214","0.042428523936170214","0.7321111111111112","0.7321111111111112","0.7321111111111112","0.792428730174582","0.792428730174582","0.792428730174582","0.03733793218085106","0.03733793218085106","0.03733793218085106","0.7281111111111112","0.7281111111111112","0.7281111111111112","0.8182630468133494","0.8182630468133494","0.8182630468133494","0.19092143173758866","0.19092143173758866","0.19092143173758866","0.7152222222222222","0.7152222222222222","0.7152222222222222","0.845284289819129","0.845284289819129","0.845284289819129","0.06316489361702128","0.06316489361702128","0.06316489361702128","0.7134444444444444","0.7134444444444444","0.7134444444444444","0.8490453602363032","0.8490453602363032","0.8490453602363032","0.18949468085106383","0.18949468085106383","0.18949468085106383","0.7103333333333334","0.7103333333333334","0.7103333333333334","0.9083669978253385","0.9083669978253385","0.9083669978253385","0.2134239250886525","0.2134239250886525","0.2134239250886525","0.6812222222222222","0.6812222222222222","0.6812222222222222","1.0143019301248781","1.0143019301248781","1.0143019301248781","0.4706338652482269","0.4706338652482269","0.4706338652482269","0.709","0.709","0.709","0.8742953979588569","0.8742953979588569","0.8742953979588569","0.4860580119680851","0.4860580119680851","0.4860580119680851","0.41044444444444445","0.41044444444444445","0.41044444444444445","3.214725234195696","3.214725234195696","3.214725234195696","0.5583790447695035","0.5583790447695035","0.5583790447695035"
"18","0.7437777777777778","0.7437777777777778","0.7437777777777778","0.7505531783433671","0.7505531783433671","0.7505531783433671","0.04144503546099291","0.04144503546099291","0.04144503546099291","0.7403333333333333","0.7403333333333333","0.7403333333333333","0.7676821210494278","0.7676821210494278","0.7676821210494278","0.03741411790780142","0.03741411790780142","0.03741411790780142","0.7333333333333333","0.7333333333333333","0.7333333333333333","0.7749604678957175","0.7749604678957175","0.7749604678957175","0.18646110372340424","0.18646110372340424","0.18646110372340424","0.7381111111111112","0.7381111111111112","0.7381111111111112","0.7635205037204932","0.7635205037204932","0.7635205037204932","0.06316489361702128","0.06316489361702128","0.06316489361702128","0.7267777777777777","0.7267777777777777","0.7267777777777777","0.8158821421312102","0.8158821421312102","0.8158821421312102","0.18949468085106383","0.18949468085106383","0.18949468085106383","0.7227777777777777","0.7227777777777777","0.7227777777777777","0.8626596905449604","0.8626596905449604","0.8626596905449604","0.21271747562056736","0.21271747562056736","0.21271747562056736","0.6801111111111111","0.6801111111111111","0.6801111111111111","1.0053333650666771","1.0053333650666771","1.0053333650666771","0.4706338652482269","0.4706338652482269","0.4706338652482269","0.7074444444444444","0.7074444444444444","0.7074444444444444","0.8574235446698276","0.8574235446698276","0.8574235446698276","0.4722406914893617","0.4722406914893617","0.4722406914893617","0.4771111111111111","0.4771111111111111","0.4771111111111111","2.5524196559233023","2.5524196559233023","2.5524196559233023","0.5438968306737588","0.5438968306737588","0.5438968306737588"
"21","0.7406666666666667","0.7406666666666667","0.7406666666666667","0.7923145482303403","0.7923145482303403","0.7923145482303403","0.04225537455673759","0.04225537455673759","0.04225537455673759","0.7433333333333333","0.7433333333333333","0.7433333333333333","0.7866103235922807","0.7866103235922807","0.7866103235922807","0.03758726728723404","0.03758726728723404","0.03758726728723404","0.7288888888888889","0.7288888888888889","0.7288888888888889","0.8064865974564079","0.8064865974564079","0.8064865974564079","0.19624750664893617","0.19624750664893617","0.19624750664893617","0.7346666666666667","0.7346666666666667","0.7346666666666667","0.791074719623471","0.791074719623471","0.791074719623471","0.06316489361702128","0.06316489361702128","0.06316489361702128","0.723","0.723","0.723","0.83307058633642","0.83307058633642","0.83307058633642","0.18949468085106383","0.18949468085106383","0.18949468085106383","0.7281111111111112","0.7281111111111112","0.7281111111111112","0.8475599433724762","0.8475599433724762","0.8475599433724762","0.20363752216312056","0.20363752216312056","0.20363752216312056","0.6957777777777778","0.6957777777777778","0.6957777777777778","0.9572969155108675","0.9572969155108675","0.9572969155108675","0.4706338652482269","0.4706338652482269","0.4706338652482269","0.7192222222222222","0.7192222222222222","0.7192222222222222","0.844085213140393","0.844085213140393","0.844085213140393","0.48571171320921985","0.48571171320921985","0.48571171320921985","0.4741111111111111","0.4741111111111111","0.4741111111111111","2.382568067058604","2.382568067058604","2.382568067058604","0.5469234818262412","0.5469234818262412","0.5469234818262412"
"24","0.7278888888888889","0.7278888888888889","0.7278888888888889","0.8317913737491514","0.8317913737491514","0.8317913737491514","0.04411153590425532","0.04411153590425532","0.04411153590425532","0.7282222222222222","0.7282222222222222","0.7282222222222222","0.8321175722154319","0.8321175722154319","0.8321175722154319","0.038750831117021274","0.038750831117021274","0.038750831117021274","0.7304444444444445","0.7304444444444445","0.7304444444444445","0.8469627101687675","0.8469627101687675","0.8469627101687675","0.19689854831560283","0.19689854831560283","0.19689854831560283","0.7266666666666667","0.7266666666666667","0.7266666666666667","0.8590288928425904","0.8590288928425904","0.8590288928425904","0.06316489361702128","0.06316489361702128","0.06316489361702128","0.7223333333333334","0.7223333333333334","0.7223333333333334","0.8705267424279071","0.8705267424279071","0.8705267424279071","0.18949468085106383","0.18949468085106383","0.18949468085106383","0.7232222222222222","0.7232222222222222","0.7232222222222222","0.8931482872853043","0.8931482872853043","0.8931482872853043","0.21392952127659576","0.21392952127659576","0.21392952127659576","0.692","0.692","0.692","0.9791606117753272","0.9791606117753272","0.9791606117753272","0.4706338652482269","0.4706338652482269","0.4706338652482269","0.7128888888888889","0.7128888888888889","0.7128888888888889","0.8956424496698041","0.8956424496698041","0.8956424496698041","0.46382563164893614","0.46382563164893614","0.46382563164893614","0.5845555555555556","0.5845555555555556","0.5845555555555556","1.567934049782178","1.567934049782178","1.567934049782178","0.5372963763297872","0.5372963763297872","0.5372963763297872"
"27","0.7403333333333333","0.7403333333333333","0.7403333333333333","0.7962342075316619","0.7962342075316619","0.7962342075316619","0.04270556294326241","0.04270556294326241","0.04270556294326241","0.7402222222222222","0.7402222222222222","0.7402222222222222","0.8156161283453306","0.8156161283453306","0.8156161283453306","0.03902094414893617","0.03902094414893617","0.03902094414893617","0.7325555555555555","0.7325555555555555","0.7325555555555555","0.8237891442915226","0.8237891442915226","0.8237891442915226","0.19448138297872342","0.19448138297872342","0.19448138297872342","0.7245555555555555","0.7245555555555555","0.7245555555555555","0.8252018117841254","0.8252018117841254","0.8252018117841254","0.06316489361702128","0.06316489361702128","0.06316489361702128","0.7231111111111111","0.7231111111111111","0.7231111111111111","0.8576828765530958","0.8576828765530958","0.8576828765530958","0.18949468085106383","0.18949468085106383","0.18949468085106383","0.7274444444444444","0.7274444444444444","0.7274444444444444","0.8868543162202158","0.8868543162202158","0.8868543162202158","0.21061197916666666","0.21061197916666666","0.21061197916666666","0.6943333333333334","0.6943333333333334","0.6943333333333334","0.9764901391157867","0.9764901391157867","0.9764901391157867","0.4706338652482269","0.4706338652482269","0.4706338652482269","0.7108888888888889","0.7108888888888889","0.7108888888888889","0.8753322528820511","0.8753322528820511","0.8753322528820511","0.4680712544326241","0.4680712544326241","0.4680712544326241","0.5668888888888889","0.5668888888888889","0.5668888888888889","1.6953125219818548","1.6953125219818548","1.6953125219818548","0.5400667664007093","0.5400667664007093","0.5400667664007093"
"30","0.7405555555555555","0.7405555555555555","0.7405555555555555","0.812182531817585","0.812182531817585","0.812182531817585","0.042345412234042555","0.042345412234042555","0.042345412234042555","0.7393333333333333","0.7393333333333333","0.7393333333333333","0.8301833526409687","0.8301833526409687","0.8301833526409687","0.039727393617021274","0.039727393617021274","0.039727393617021274","0.7348888888888889","0.7348888888888889","0.7348888888888889","0.8553540790387502","0.8553540790387502","0.8553540790387502","0.18918993794326242","0.18918993794326242","0.18918993794326242","0.7284444444444444","0.7284444444444444","0.7284444444444444","0.8453245369572167","0.8453245369572167","0.8453245369572167","0.06316489361702128","0.06316489361702128","0.06316489361702128","0.7276666666666667","0.7276666666666667","0.7276666666666667","0.8579748728649413","0.8579748728649413","0.8579748728649413","0.18949468085106383","0.18949468085106383","0.18949468085106383","0.7321111111111112","0.7321111111111112","0.7321111111111112","0.8872858418006424","0.8872858418006424","0.8872858418006424","0.19822140957446807","0.19822140957446807","0.19822140957446807","0.7034444444444444","0.7034444444444444","0.7034444444444444","0.9977256707477231","0.9977256707477231","0.9977256707477231","0.4706338652482269","0.4706338652482269","0.4706338652482269","0.7146666666666667","0.7146666666666667","0.7146666666666667","0.9180748736921777","0.9180748736921777","0.9180748736921777","0.45374833776595747","0.45374833776595747","0.45374833776595747","0.5453333333333333","0.5453333333333333","0.5453333333333333","1.9101152200225398","1.9101152200225398","1.9101152200225398","0.5173080119680851","0.5173080119680851","0.5173080119680851"
"33","0.7411111111111112","0.7411111111111112","0.7411111111111112","0.8084885599025597","0.8084885599025597","0.8084885599025597","0.0417220744680851","0.0417220744680851","0.0417220744680851","0.7317777777777777","0.7317777777777777","0.7317777777777777","0.8333319478952292","0.8333319478952292","0.8333319478952292","0.03956117021276596","0.03956117021276596","0.03956117021276596","0.7351111111111112","0.7351111111111112","0.7351111111111112","0.8262382720379119","0.8262382720379119","0.8262382720379119","0.1915586214539007","0.1915586214539007","0.1915586214539007","0.7314444444444445","0.7314444444444445","0.7314444444444445","0.8134756028546509","0.8134756028546509","0.8134756028546509","0.06316489361702128","0.06316489361702128","0.06316489361702128","0.7237777777777777","0.7237777777777777","0.7237777777777777","0.8679157284134669","0.8679157284134669","0.8679157284134669","0.18949468085106383","0.18949468085106383","0.18949468085106383","0.7262222222222222","0.7262222222222222","0.7262222222222222","0.8832135651762604","0.8832135651762604","0.8832135651762604","0.20334663120567376","0.20334663120567376","0.20334663120567376","0.6941111111111111","0.6941111111111111","0.6941111111111111","1.0025101013428777","1.0025101013428777","1.0025101013428777","0.4706338652482269","0.4706338652482269","0.4706338652482269","0.6985555555555556","0.6985555555555556","0.6985555555555556","0.9251116084080215","0.9251116084080215","0.9251116084080215","0.44620595079787234","0.44620595079787234","0.44620595079787234","0.49866666666666665","0.49866666666666665","0.49866666666666665","2.2242405469535935","2.2242405469535935","2.2242405469535935","0.5340619459219859","0.5340619459219859","0.5340619459219859"
"36","0.7451111111111111","0.7451111111111111","0.7451111111111111","0.7899732011112761","0.7899732011112761","0.7899732011112761","0.04416001773049645","0.04416001773049645","0.04416001773049645","0.7422222222222222","0.7422222222222222","0.7422222222222222","0.8005072791525658","0.8005072791525658","0.8005072791525658","0.04038536125886525","0.04038536125886525","0.04038536125886525","0.7367777777777778","0.7367777777777778","0.7367777777777778","0.8269305610699011","0.8269305610699011","0.8269305610699011","0.1936433399822695","0.1936433399822695","0.1936433399822695","0.7372222222222222","0.7372222222222222","0.7372222222222222","0.8070725087367051","0.8070725087367051","0.8070725087367051","0.06316489361702128","0.06316489361702128","0.06316489361702128","0.7278888888888889","0.7278888888888889","0.7278888888888889","0.8363099277336546","0.8363099277336546","0.8363099277336546","0.18949468085106383","0.18949468085106383","0.18949468085106383","0.7308888888888889","0.7308888888888889","0.7308888888888889","0.8669508478425919","0.8669508478425919","0.8669508478425919","0.20123420877659576","0.20123420877659576","0.20123420877659576","0.7025555555555556","0.7025555555555556","0.7025555555555556","0.9243058012732377","0.9243058012732377","0.9243058012732377","0.4706338652482269","0.4706338652482269","0.4706338652482269","0.7202222222222222","0.7202222222222222","0.7202222222222222","0.8670044003966006","0.8670044003966006","0.8670044003966006","0.44786125886524825","0.44786125886524825","0.44786125886524825","0.5371111111111111","0.5371111111111111","0.5371111111111111","2.0926319085959846","2.0926319085959846","2.0926319085959846","0.5211034463652482","0.5211034463652482","0.5211034463652482"
"39","0.7485555555555555","0.7485555555555555","0.7485555555555555","0.753331978640235","0.753331978640235","0.753331978640235","0.04291334219858156","0.04291334219858156","0.04291334219858156","0.7427777777777778","0.7427777777777778","0.7427777777777778","0.7726667249667729","0.7726667249667729","0.7726667249667729","0.039374168882978726","0.039374168882978726","0.039374168882978726","0.7432222222222222","0.7432222222222222","0.7432222222222222","0.7755212343119561","0.7755212343119561","0.7755212343119561","0.18424479166666666","0.18424479166666666","0.18424479166666666","0.7416666666666667","0.7416666666666667","0.7416666666666667","0.7798541045569359","0.7798541045569359","0.7798541045569359","0.06316489361702128","0.06316489361702128","0.06316489361702128","0.7304444444444445","0.7304444444444445","0.7304444444444445","0.8119174558008816","0.8119174558008816","0.8119174558008816","0.18949468085106383","0.18949468085106383","0.18949468085106383","0.7377777777777778","0.7377777777777778","0.7377777777777778","0.832466721640411","0.832466721640411","0.832466721640411","0.1983599290780142","0.1983599290780142","0.1983599290780142","0.7206666666666667","0.7206666666666667","0.7206666666666667","0.9018064778535924","0.9018064778535924","0.9018064778535924","0.4706338652482269","0.4706338652482269","0.4706338652482269","0.7192222222222222","0.7192222222222222","0.7192222222222222","0.8308319366992788","0.8308319366992788","0.8308319366992788","0.44136469414893614","0.44136469414893614","0.44136469414893614","0.5611111111111111","0.5611111111111111","0.5611111111111111","1.828144685596439","1.828144685596439","1.828144685596439","0.5195451019503546","0.5195451019503546","0.5195451019503546"
"42","0.7514444444444445","0.7514444444444445","0.7514444444444445","0.7526912784322779","0.7526912784322779","0.7526912784322779","0.04275404476950355","0.04275404476950355","0.04275404476950355","0.7462222222222222","0.7462222222222222","0.7462222222222222","0.7800473047169387","0.7800473047169387","0.7800473047169387","0.039602726063829786","0.039602726063829786","0.039602726063829786","0.7441111111111111","0.7441111111111111","0.7441111111111111","0.7944454374254173","0.7944454374254173","0.7944454374254173","0.18779781693262412","0.18779781693262412","0.18779781693262412","0.7432222222222222","0.7432222222222222","0.7432222222222222","0.7961417422332662","0.7961417422332662","0.7961417422332662","0.06316489361702128","0.06316489361702128","0.06316489361702128","0.7288888888888889","0.7288888888888889","0.7288888888888889","0.8121627434982476","0.8121627434982476","0.8121627434982476","0.18949468085106383","0.18949468085106383","0.18949468085106383","0.7366666666666667","0.7366666666666667","0.7366666666666667","0.8268397988368433","0.8268397988368433","0.8268397988368433","0.20768229166666666","0.20768229166666666","0.20768229166666666","0.7221111111111111","0.7221111111111111","0.7221111111111111","0.8893412345267356","0.8893412345267356","0.8893412345267356","0.4706338652482269","0.4706338652482269","0.4706338652482269","0.724","0.724","0.724","0.8406197586565787","0.8406197586565787","0.8406197586565787","0.4497728280141844","0.4497728280141844","0.4497728280141844","0.6123333333333333","0.6123333333333333","0.6123333333333333","1.5155329351306808","1.5155329351306808","1.5155329351306808","0.5387646830673759","0.5387646830673759","0.5387646830673759"
"45","","","","","","","","","","","","","","","","","","","","","","","","","","","","","","","","","","","","","0.739","0.739","0.739","0.7862837949490293","0.7862837949490293","0.7862837949490293","0.18949468085106383","0.18949468085106383","0.18949468085106383","0.7396666666666667","0.7396666666666667","0.7396666666666667","0.8257598029911941","0.8257598029911941","0.8257598029911941","0.1973972185283688","0.1973972185283688","0.1973972185283688","0.7142222222222222","0.7142222222222222","0.7142222222222222","0.8991573275403774","0.8991573275403774","0.8991573275403774","0.4706338652482269","0.4706338652482269","0.4706338652482269","0.7257777777777777","0.7257777777777777","0.7257777777777777","0.8212633062920249","0.8212633062920249","0.8212633062920249","0.4408036901595745","0.4408036901595745","0.4408036901595745","0.6018888888888889","0.6018888888888889","0.6018888888888889","1.7407011136095574","1.7407011136095574","1.7407011136095574","0.5092946586879432","0.5092946586879432","0.5092946586879432"
"48","","","","","","","","","","","","","","","","","","","","","","","","","","","","","","","","","","","","","0.7211111111111111","0.7211111111111111","0.7211111111111111","0.8659482167122212","0.8659482167122212","0.8659482167122212","0.18949468085106383","0.18949468085106383","0.18949468085106383","0.7321111111111112","0.7321111111111112","0.7321111111111112","0.8752864560125567","0.8752864560125567","0.8752864560125567","0.20478030806737588","0.20478030806737588","0.20478030806737588","0.6968888888888889","0.6968888888888889","0.6968888888888889","0.98983681423867","0.98983681423867","0.98983681423867","0.4706338652482269","0.4706338652482269","0.4706338652482269","0.7151111111111111","0.7151111111111111","0.7151111111111111","0.9143895815450249","0.9143895815450249","0.9143895815450249","0.46989971187943264","0.46989971187943264","0.46989971187943264","0.6317777777777778","0.6317777777777778","0.6317777777777778","1.3775751098250666","1.3775751098250666","1.3775751098250666","0.5285765735815603","0.5285765735815603","0.5285765735815603"
"51","","","","","","","","","","","","","","","","","","","","","","","","","","","","","","","","","","","","","0.7326666666666667","0.7326666666666667","0.7326666666666667","0.8443409737120283","0.8443409737120283","0.8443409737120283","0.18949468085106383","0.18949468085106383","0.18949468085106383","0.7381111111111112","0.7381111111111112","0.7381111111111112","0.8843002373233755","0.8843002373233755","0.8843002373233755","0.19096991356382978","0.19096991356382978","0.19096991356382978","0.7128888888888889","0.7128888888888889","0.7128888888888889","0.9346145832158149","0.9346145832158149","0.9346145832158149","0.4706338652482269","0.4706338652482269","0.4706338652482269","0.7236666666666667","0.7236666666666667","0.7236666666666667","0.8922163248062134","0.8922163248062134","0.8922163248062134","0.43548454122340424","0.43548454122340424","0.43548454122340424","0.6524444444444445","0.6524444444444445","0.6524444444444445","1.3066076618348452","1.3066076618348452","1.3066076618348452","0.505381482712766","0.505381482712766","0.505381482712766"
"54","","","","","","","","","","","","","","","","","","","","","","","","","","","","","","","","","","","","","0.7315555555555555","0.7315555555555555","0.7315555555555555","0.8431969403375125","0.8431969403375125","0.8431969403375125","0.18949468085106383","0.18949468085106383","0.18949468085106383","0.7327777777777778","0.7327777777777778","0.7327777777777778","0.8829332460114296","0.8829332460114296","0.8829332460114296","0.20217614140070922","0.20217614140070922","0.20217614140070922","0.7098888888888889","0.7098888888888889","0.7098888888888889","0.9594837668622639","0.9594837668622639","0.9594837668622639","0.4706338652482269","0.4706338652482269","0.4706338652482269","0.7221111111111111","0.7221111111111111","0.7221111111111111","0.8844533535182899","0.8844533535182899","0.8844533535182899","0.4608128324468085","0.4608128324468085","0.4608128324468085","0.6565555555555556","0.6565555555555556","0.6565555555555556","1.2934744850540838","1.2934744850540838","1.2934744850540838","0.5305296985815603","0.5305296985815603","0.5305296985815603"
"57","","","","","","","","","","","","","","","","","","","","","","","","","","","","","","","","","","","","","0.7326666666666667","0.7326666666666667","0.7326666666666667","0.8266447014208381","0.8266447014208381","0.8266447014208381","0.18949468085106383","0.18949468085106383","0.18949468085106383","0.7324444444444445","0.7324444444444445","0.7324444444444445","0.8763837908388029","0.8763837908388029","0.8763837908388029","0.2020306959219858","0.2020306959219858","0.2020306959219858","0.711","0.711","0.711","0.931731659681239","0.931731659681239","0.931731659681239","0.4706338652482269","0.4706338652482269","0.4706338652482269","0.72","0.72","0.72","0.8741291407363635","0.8741291407363635","0.8741291407363635","0.443359375","0.443359375","0.443359375","0.6155555555555555","0.6155555555555555","0.6155555555555555","1.5387213774395327","1.5387213774395327","1.5387213774395327","0.52618711214539","0.52618711214539","0.52618711214539"
"60","","","","","","","","","","","","","","","","","","","","","","","","","","","","","","","","","","","","","0.7366666666666667","0.7366666666666667","0.7366666666666667","0.8316838470756585","0.8316838470756585","0.8316838470756585","0.18949468085106383","0.18949468085106383","0.18949468085106383","0.7325555555555555","0.7325555555555555","0.7325555555555555","0.8646669492970968","0.8646669492970968","0.8646669492970968","0.1909906914893617","0.1909906914893617","0.1909906914893617","0.7098888888888889","0.7098888888888889","0.7098888888888889","0.9586344782976394","0.9586344782976394","0.9586344782976394","0.4706338652482269","0.4706338652482269","0.4706338652482269","0.725","0.725","0.725","0.861002967025794","0.861002967025794","0.861002967025794","0.446039727393617","0.446039727393617","0.446039727393617","0.6547777777777778","0.6547777777777778","0.6547777777777778","1.2907045422293615","1.2907045422293615","1.2907045422293615","0.5207779255319149","0.5207779255319149","0.5207779255319149"
"63","","","","","","","","","","","","","","","","","","","","","","","","","","","","","","","","","","","","","0.729","0.729","0.729","0.8707186435448363","0.8707186435448363","0.8707186435448363","0.18949468085106383","0.18949468085106383","0.18949468085106383","0.7324444444444445","0.7324444444444445","0.7324444444444445","0.8696648843110876","0.8696648843110876","0.8696648843110876","0.19500775709219859","0.19500775709219859","0.19500775709219859","0.7014444444444444","0.7014444444444444","0.7014444444444444","0.96410726042504","0.96410726042504","0.96410726042504","0.4706338652482269","0.4706338652482269","0.4706338652482269","0.7257777777777777","0.7257777777777777","0.7257777777777777","0.8869798104179666","0.8869798104179666","0.8869798104179666","0.45555601728723405","0.45555601728723405","0.45555601728723405","0.6206666666666667","0.6206666666666667","0.6206666666666667","1.4496924927894106","1.4496924927894106","1.4496924927894106","0.5152371453900709","0.5152371453900709","0.5152371453900709"
"66","","","","","","","","","","","","","","","","","","","","","","","","","","","","","","","","","","","","","0.7386666666666667","0.7386666666666667","0.7386666666666667","0.8158116728490126","0.8158116728490126","0.8158116728490126","0.18949468085106383","0.18949468085106383","0.18949468085106383","0.7373333333333333","0.7373333333333333","0.7373333333333333","0.8498766420422293","0.8498766420422293","0.8498766420422293","0.19651069370567376","0.19651069370567376","0.19651069370567376","0.722","0.722","0.722","0.8963349831442461","0.8963349831442461","0.8963349831442461","0.4706338652482269","0.4706338652482269","0.4706338652482269","0.734","0.734","0.734","0.833242304358922","0.833242304358922","0.833242304358922","0.44380956338652483","0.44380956338652483","0.44380956338652483","0.6383333333333333","0.6383333333333333","0.6383333333333333","1.4247146581715726","1.4247146581715726","1.4247146581715726","0.524504100177305","0.524504100177305","0.524504100177305"
"69","","","","","","","","","","","","","","","","","","","","","","","","","","","","","","","","","","","","","0.7274444444444444","0.7274444444444444","0.7274444444444444","0.8654880562783979","0.8654880562783979","0.8654880562783979","0.18949468085106383","0.18949468085106383","0.18949468085106383","0.7267777777777777","0.7267777777777777","0.7267777777777777","0.9239214958874047","0.9239214958874047","0.9239214958874047","0.20122035682624115","0.20122035682624115","0.20122035682624115","","","","","","","","","","0.7191111111111111","0.7191111111111111","0.7191111111111111","0.9231501243850018","0.9231501243850018","0.9231501243850018","0.452557070035461","0.452557070035461","0.452557070035461","0.6312222222222222","0.6312222222222222","0.6312222222222222","1.5083343445832003","1.5083343445832003","1.5083343445832003","0.5316378546099291","0.5316378546099291","0.5316378546099291"
"72","","","","","","","","","","","","","","","","","","","","","","","","","","","","","","","","","","","","","","","","","","","","","","","","","","","","","","","","","","","","","","","","","","","","","","","","","0.6313333333333333","0.6313333333333333","0.6313333333333333","1.5190113890678325","1.5190113890678325","1.5190113890678325","0.5157288896276596","0.5157288896276596","0.5157288896276596"
"75","","","","","","","","","","","","","","","","","","","","","","","","","","","","","","","","","","","","","","","","","","","","","","","","","","","","","","","","","","","","","","","","","","","","","","","","","0.6522222222222223","0.6522222222222223","0.6522222222222223","1.3181680658607617","1.3181680658607617","1.3181680658607617","0.5203554410460993","0.5203554410460993","0.5203554410460993"